Workbook

Sheet Raw_Data
A1: Customer ID | B1: Customer Name | C1: City | D1: Phone Number | E1: Email | F1: Gender | G1: Age
A2: C001 | B2: Rahul Sharma | C2: Delhi | D2: 9196361468 | E2: rahul.sharma@gmail.com | F2: Male | G2: 29
A3: C002 | B3: priya verma | C3: Ahmedabad | D3: 9501869335 | E3: priya.verma@gmail.com | F3: Female | G3: 29
A4: C003 | B4: RIYA SHARMA | C4: Jaipur | E4: riya.sharma@gmail.com | F4: Female | G4: 40
A5: C004 | B5: ROHIT GUPTA | C5: Lucknow | D5: 91280 | E5: rohit.gupta@gmail.com | F5: Male | G5: 30
A6: C005 | B6: VIKAS YADAV | D6: 9402823002 | E6: vikas.yadav@gmail.com | F6: Male | G6: 35
A7: C006 | B7: Neha Singh | C7: Chandigarh | D7: 9108933969 | F7: Female | G7: 37
A8: C007 | B8: Arjun Mehta | C8: Pune | D8: 9658582040 | E8: arjun.mehta@gmail.com | F8: Male | G8: 32
A9: C008 | B9: Mohan Das | C9: chandigarh | D9: 9087216808 | E9: mohan.das@gmail.com | F9: Male | G9: 43
A10: C009 | B10: Suresh Kumar | C10: Lucknow | D10: 94661 | E10: suresh.kumar@gmail.com | F10: Male | G10: 22
A11: C010 | B11: Rahul Sharma | C11: delhi | D11: 9488028597 | E11: rahul.sharma@gmail.com | F11: Male | G11: 22
A12: C011 | B12: Priya Verma | C12: Mumbai | D12: 9576153728 | E12: priya.verma@gmail.com | F12: Female | G12: 26
A13: C012 | B13: Pooja Sharma | C13: Jaipur | D13: 9255162375 | E13: pooja.sharma@gmail.com | F13: Female | G13: 27
A14: C013 | B14: Priya Verma | C14: Pune | D14: 9900188453 | E14: priya.verma@gmail.com | F14: Female | G14: 26
A15: C014 | B15: Priya Verma | C15: MUMBAI | D15: 9931544828 | F15: Female | G15: 30
A16: C015 | B16: Neha Singh | C16: Lucknow | D16: 9298313295 | E16: neha.singh@gmail.com | F16: Female | G16: 45
A17: C016 | B17: Sneha Roy | C17: Mumbai | D17: 9437088610 | E17: sneha.roy@gmail.com | F17: Female | G17: 28
A18: C017 | B18: Amit Kumar | D18: 9957918670 | E18: amit.kumar@gmail.com | F18: Male | G18: 34
A19: C018 | B19: amit kumar | C19: Ahmedabad | D19: 9297906224 | E19: amit.kumar@gmail.com | F19: Male | G19: 27
A20: C019 | B20: Karan Patel | C20: Ahmedabad | D20: 9300870608 | E20: karan.patel@gmail.com | F20: Male | G20: 32
A21: C020 | B21: Vikas Yadav | C21: Jaipur | D21: 9862003565 | E21: vikas.yadav@gmail.com | F21: Male | G21: 23
A22: C021 | B22: ANJALI GUPTA | C22: Mumbai | D22: 9102506354 | E22: anjali.gupta@gmail.com | F22: Female | G22: 34
A23: C022 | B23: Amit Kumar | C23: Mumbai | E23: amit.kumar@gmail.com | F23: Male | G23: 20
A24: C023 | B24: Neha Singh | C24: Jaipur | D24: 9654860251 | E24: neha.singh@gmail.com | F24: Female | G24: 24
A25: C024 | B25: Meena Joshi | C25: Ahmedabad | D25: 9049987722 | F25: Female | G25: 28
A26: C025 | B26: Karan Patel | C26: Jaipur | D26: 9158149443 | E26: karan.patel@gmail.com | F26: Male | G26: 36
A27: C026 | B27: Rahul Sharma | D27: 9423352933 | E27: rahul.sharma@gmail.com | F27: Male | G27: 39
A28: C027 | B28: suresh kumar | C28: Jaipur | D28: 9991044441 | E28: suresh.kumar@gmail.com | F28: Male | G28: 22
A29: C028 | B29: pooja sharma | C29: delhi | D29: 9882586258 | F29: Female | G29: 38
A30: C029 | B30: Priya Verma | C30: pune | D30: 9246972866 | F30: Female | G30: 34
A31: C030 | B31: Priya Verma | C31: lucknow | D31: 9399901936 | E31: priya.verma@gmail.com | F31: Female | G31: 26
A32: C031 | B32: Meena Joshi | C32: Ahmedabad | D32: 97306 | E32: meena.joshi@gmail.com | F32: Female | G32: 41
A33: C032 | B33: Priya Verma | C33: delhi | D33: 9676533700 | E33: priya.verma@gmail.com | F33: Female | G33: 36
A34: C033 | B34: priya verma | C34: Jaipur | E34: priya.verma@gmail.com | F34: Female | G34: 23
A35: C034 | B35: Karan Patel | C35: Ahmedabad | D35: 9026670894 | E35: karan.patel@gmail.com | F35: Male | G35: 20
A36: C035 | B36: Amit Kumar | C36: Delhi | D36: 9921682683 | E36: amit.kumar@gmail.com | F36: Male | G36: 38
A37: C036 | B37: SURESH KUMAR | C37: Pune | D37: 97216 | E37: suresh.kumar@gmail.com | F37: Male | G37: 33
A38: C037 | B38: Meena Joshi | C38: Mumbai | D38: 9680434757 | E38: meena.joshi@gmail.com | F38: Female | G38: 29
A39: C038 | B39: Suresh Kumar | C39: Lucknow | D39: 93711 | E39: suresh.kumar@gmail.com | F39: Male | G39: 38
A40: C039 | B40: Meena Joshi | C40: Chandigarh | D40: 9647022412 | E40: meena.joshi@gmail.com | F40: Female | G40: 37
A41: C040 | B41: Riya Sharma | C41: pune | D41: 9210445432 | E41: riya.sharma@gmail.com | F41: Female | G41: 34
A42: C041 | B42: Arjun Mehta | C42: Delhi | D42: 9856894349 | E42: arjun.mehta@gmail.com | F42: Male | G42: 39
A43: C042 | B43: Rahul Sharma | C43: Ahmedabad | D43: 9377732382 | E43: rahul.sharma@gmail.com | F43: Male | G43: 43
A44: C043 | B44: Karan Patel | C44: DELHI | D44: 9699980582 | E44: karan.patel@gmail.com | F44: Male | G44: 44
A45: C044 | B45: RIYA SHARMA | C45: Jaipur | D45: 9572146646 | E45: riya.sharma@gmail.com | F45: Female | G45: 22
A46: C045 | B46: Neha Singh | C46: jaipur | D46: 9972121287 | E46: neha.singh@gmail.com | F46: Female | G46: 38
A47: C046 | B47: riya sharma | C47: Pune | D47: 91668 | E47: riya.sharma@gmail.com | F47: Female | G47: 44
A48: C047 | B48: Priya Verma | C48: Chandigarh | D48: 9920137106 | F48: Female | G48: 42
A49: C048 | B49: Karan Patel | C49: CHANDIGARH | D49: 9181174968 | E49: karan.patel@gmail.com | F49: Male | G49: 26
A50: C049 | B50: Priya Verma | D50: 9660447993 | E50: priya.verma@gmail.com | F50: Female | G50: 33
A51: C050 | B51: meena joshi | C51: Ahmedabad | D51: 9003487264 | E51: meena.joshi@gmail.com | F51: Female | G51: 44
A52: C051 | B52: Meena Joshi | C52: Lucknow | D52: 9584258895 | E52: meena.joshi@gmail.com | F52: Female | G52: 33
A53: C052 | B53: Rohit Gupta | C53: AHMEDABAD | D53: 9421510384 | E53: rohit.gupta@gmail.com | F53: Male | G53: 20
A54: C053 | B54: Neha Singh | C54: Lucknow | D54: 9153909765 | E54: neha.singh@gmail.com | F54: Female | G54: 31
A55: C054 | B55: rahul sharma | C55: Chandigarh | D55: 9367730182 | E55: rahul.sharma@gmail.com | F55: Male | G55: 30
A56: C055 | B56: suresh kumar | C56: Pune | E56: suresh.kumar@gmail.com | F56: Male | G56: 43
A57: C056 | B57: priya verma | C57: Mumbai | D57: 9005584590 | E57: priya.verma@gmail.com | F57: Female | G57: 21
A58: C057 | B58: Priya Verma | C58: Chandigarh | D58: 9180683936 | E58: priya.verma@gmail.com | F58: Female | G58: 39
A59: C058 | B59: priya verma | C59: LUCKNOW | D59: 9001205088 | E59: priya.verma@gmail.com | F59: Female | G59: 39
A60: C059 | B60: amit kumar | C60: AHMEDABAD | D60: 9287117109 | E60: amit.kumar@gmail.com | F60: Male | G60: 42
A61: C060 | B61: Rohit Gupta | C61: pune | D61: 9345690014 | E61: rohit.gupta@gmail.com | F61: Male | G61: 23
A62: C061 | B62: Vikas Yadav | C62: JAIPUR | D62: 9512169075 | E62: vikas.yadav@gmail.com | F62: Male | G62: 23
A63: C062 | B63: pooja sharma | C63: MUMBAI | D63: 9429345244 | E63: pooja.sharma@gmail.com | F63: Female | G63: 31
A64: C063 | B64: karan patel | C64: Chandigarh | D64: 9446464392 | E64: karan.patel@gmail.com | F64: Male | G64: 29
A65: C064 | B65: Mohan Das | C65: Lucknow | D65: 9794631507 | E65: mohan.das@gmail.com | F65: Male | G65: 20
A66: C065 | B66: Priya Verma | C66: mumbai | D66: 9090347586 | E66: priya.verma@gmail.com | F66: Female | G66: 43
A67: C066 | B67: Suresh Kumar | C67: DELHI | D67: 9503186262 | E67: suresh.kumar@gmail.com | F67: Male | G67: 32
A68: C067 | B68: Arjun Mehta | C68: LUCKNOW | D68: 9226154693 | E68: arjun.mehta@gmail.com | F68: Male | G68: 22
... A72: C071 | B72: Rahul Sharma | C72: chandigarh | D72: 9390033982 | E72: rahul.sharma@gmail.com | F72: Male | G72: 43
A73: C072 | B73: Arjun Mehta | C73: CHANDIGARH | D73: 9012193810 | F73: Male | G73: 43
A74: C073 | B74: Riya Sharma | C74: Chandigarh | D74: 9352399933 | E74: riya.sharma@gmail.com | F74: Female | G74: 25
A75: C074 | B75: Amit Kumar | C75: Chandigarh | D75: 9492350616 | E75: amit.kumar@gmail.com | F75: Male | G75: 43
A76: C075 | B76: Priya Verma | C76: Delhi | D76: 9216605296 | E76: priya.verma@gmail.com | F76: Female | G76: 43
A77: C076 | B77: Anjali Gupta | C77: Pune | D77: 9771920282 | F77: Female | G77: 40
A78: C077 | B78: Priya Verma | C78: Mumbai | D78: 9563928930 | E78: priya.verma@gmail.com | F78: Female | G78: 28
A79: C078 | B79: Neha Singh | C79: Ahmedabad | D79: 9167086391 | E79: neha.singh@gmail.com | F79: Female | G79: 26
A80: C079 | B80: Sneha Roy | D80: 9009492609 | E80: sneha.roy@gmail.com | F80: Female | G80: 23
A81: C080 | B81: Neha Singh | C81: AHMEDABAD | D81: 9859860725 | E81: neha.singh@gmail.com | F81: Female | G81: 26
A82: C081 | B82: VIKAS YADAV | C82: Ahmedabad | D82: 9700592125 | E82: vikas.yadav@gmail.com | F82: Male | G82: 29
A83: C082 | B83: Priya Verma | C83: Ahmedabad | D83: 9538510814 | E83: priya.verma@gmail.com | F83: Female | G83: 27
A84: C083 | B84: SNEHA ROY | C84: Mumbai | D84: 9779022848 | E84: sneha.roy@gmail.com | F84: Female | G84: 40
A85: C084 | B85: Anjali Gupta | C85: Chandigarh | D85: 9548340400 | E85: anjali.gupta@gmail.com | F85: Female | G85: 45
A86: C085 | B86: Pooja Sharma | C86: Lucknow | D86: 9876345418 | E86: pooja.sharma@gmail.com | F86: Female | G86: 26
A87: C086 | B87: Rahul Sharma | C87: Jaipur | D87: 9912727004 | E87: rahul.sharma@gmail.com | F87: Male | G87: 25
A88: C087 | B88: amit kumar | C88: Chandigarh | D88: 9053150051 | E88: amit.kumar@gmail.com | F88: Male | G88: 42
A89: C088 | B89: Mohan Das | C89: Mumbai | D89: 9970521853 | E89: mohan.das@gmail.com | F89: Male | G89: 37
A90: C089 | B90: Pooja Sharma | C90: AHMEDABAD | D90: 9598712328 | E90: pooja.sharma@gmail.com | F90: Female | G90: 23
A91: C090 | B91: ARJUN MEHTA | C91: Delhi | D91: 9185264400 | E91: arjun.mehta@gmail.com | F91: Male | G91: 27
A92: C091 | B92: Suresh Kumar | C92: Delhi | D92: 9391795729 | E92: suresh.kumar@gmail.com | F92: Male | G92: 32
... A99: C098 | B99: sneha roy | C99: Delhi | D99: 9721948815 | E99: sneha.roy@gmail.com | F99: Female | G99: 35
A100: C099 | B100: Neha Singh | D100: 9460077767 | E100: neha.singh@gmail.com | F100: Female | G100: 21
A101: C100 | B101: SURESH KUMAR | C101: Lucknow | D101: 9164739147 | E101: suresh.kumar@gmail.com | F101: Male | G101: 40
A102: C009 | B102: Suresh Kumar | C102: Lucknow | D102: 94661 | E102: suresh.kumar@gmail.com | F102: Male | G102: 22
A103: C019 | B103: Karan Patel | C103: Ahmedabad | D103: 9300870608 | E103: karan.patel@gmail.com | F103: Male | G103: 32
A104: C029 | B104: Priya Verma | C104: pune | D104: 9246972866 | F104: Female | G104: 34
A105: C039 | B105: Meena Joshi | C105: Chandigarh | D105: 9647022412 | E105: meena.joshi@gmail.com | F105: Female | G105: 37
A106: C049 | B106: Priya Verma | D106: 9660447993 | E106: priya.verma@gmail.com | F106: Female | G106: 33

Sheet clean data
A1: Customer ID | B1: customer name | C1: City | D1: Phone Number | E1: Phone status | F1: Email | G1: Gender | H1: Age | I1: Age Group
A2: C001 | B2: Rahul Sharma | C2: Delhi | D2: 9196361468 | E2: =IF(D2="","Blank",IF(LEN(D2)=10,"valid","invalid")) -> valid | F2: rahul.sharma@gmail.com | G2: Male | H2: 29 | I2: {=_xlfn.IFS(H2:H101<=25,"Young",H2:H101<=35,"Adult",H2:H101>=36,"Senior")} -> Adult
A3: C002 | B3: Priya Verma | C3: Ahmedabad | D3: 9501869335 | E3: =IF(D3="","Blank",IF(LEN(D3)=10,"valid","invalid")) -> valid | F3: priya.verma@gmail.com | G3: Female | H3: 29 | I3: Adult
A4: C003 | B4: Riya Sharma | C4: Jaipur | E4: =IF(D4="","Blank",IF(LEN(D4)=10,"valid","invalid")) -> Blank | F4: riya.sharma@gmail.com | G4: Female | H4: 40 | I4: Senior
A5: C004 | B5: Rohit Gupta | C5: Lucknow | D5: 91280 | E5: =IF(D5="","Blank",IF(LEN(D5)=10,"valid","invalid")) -> invalid | F5: rohit.gupta@gmail.com | G5: Male | H5: 30 | I5: Adult
A6: C005 | B6: Vikas Yadav | D6: 9402823002 | E6: =IF(D6="","Blank",IF(LEN(D6)=10,"valid","invalid")) -> valid | F6: vikas.yadav@gmail.com | G6: Male | H6: 35 | I6: Adult
A7: C006 | B7: Neha Singh | C7: Chandigarh | D7: 9108933969 | E7: =IF(D7="","Blank",IF(LEN(D7)=10,"valid","invalid")) -> valid | G7: Female | H7: 37 | I7: Senior
A8: C007 | B8: Arjun Mehta | C8: Pune | D8: 9658582040 | E8: =IF(D8="","Blank",IF(LEN(D8)=10,"valid","invalid")) -> valid | F8: arjun.mehta@gmail.com | G8: Male | H8: 32 | I8: Adult
A9: C008 | B9: Mohan Das | C9: Chandigarh | D9: 9087216808 | E9: =IF(D9="","Blank",IF(LEN(D9)=10,"valid","invalid")) -> valid | F9: mohan.das@gmail.com | G9: Male | H9: 43 | I9: Senior
A10: C009 | B10: Suresh Kumar | C10: Lucknow | D10: 94661 | E10: =IF(D10="","Blank",IF(LEN(D10)=10,"valid","invalid")) -> invalid | F10: suresh.kumar@gmail.com | G10: Male | H10: 22 | I10: Young
A11: C010 | B11: Rahul Sharma | C11: Delhi | D11: 9488028597 | E11: =IF(D11="","Blank",IF(LEN(D11)=10,"valid","invalid")) -> valid | F11: rahul.sharma@gmail.com | G11: Male | H11: 22 | I11: Young
A12: C011 | B12: Priya Verma | C12: Mumbai | D12: 9576153728 | E12: =IF(D12="","Blank",IF(LEN(D12)=10,"valid","invalid")) -> valid | F12: priya.verma@gmail.com | G12: Female | H12: 26 | I12: Adult
A13: C012 | B13: Pooja Sharma | C13: Jaipur | D13: 9255162375 | E13: =IF(D13="","Blank",IF(LEN(D13)=10,"valid","invalid")) -> valid | F13: pooja.sharma@gmail.com | G13: Female | H13: 27 | I13: Adult
A14: C013 | B14: Priya Verma | C14: Pune | D14: 9900188453 | E14: =IF(D14="","Blank",IF(LEN(D14)=10,"valid","invalid")) -> valid | F14: priya.verma@gmail.com | G14: Female | H14: 26 | I14: Adult
A15: C014 | B15: Priya Verma | C15: Mumbai | D15: 9931544828 | E15: =IF(D15="","Blank",IF(LEN(D15)=10,"valid","invalid")) -> valid | G15: Female | H15: 30 | I15: Adult
A16: C015 | B16: Neha Singh | C16: Lucknow | D16: 9298313295 | E16: =IF(D16="","Blank",IF(LEN(D16)=10,"valid","invalid")) -> valid | F16: neha.singh@gmail.com | G16: Female | H16: 45 | I16: Senior
A17: C016 | B17: Sneha Roy | C17: Mumbai | D17: 9437088610 | E17: =IF(D17="","Blank",IF(LEN(D17)=10,"valid","invalid")) -> valid | F17: sneha.roy@gmail.com | G17: Female | H17: 28 | I17: Adult
A18: C017 | B18: Amit Kumar | D18: 9957918670 | E18: =IF(D18="","Blank",IF(LEN(D18)=10,"valid","invalid")) -> valid | F18: amit.kumar@gmail.com | G18: Male | H18: 34 | I18: Adult
A19: C018 | B19: Amit Kumar | C19: Ahmedabad | D19: 9297906224 | E19: =IF(D19="","Blank",IF(LEN(D19)=10,"valid","invalid")) -> valid | F19: amit.kumar@gmail.com | G19: Male | H19: 27 | I19: Adult
A20: C019 | B20: Karan Patel | C20: Ahmedabad | D20: 9300870608 | E20: =IF(D20="","Blank",IF(LEN(D20)=10,"valid","invalid")) -> valid | F20: karan.patel@gmail.com | G20: Male | H20: 32 | I20: Adult
A21: C020 | B21: Vikas Yadav | C21: Jaipur | D21: 9862003565 | E21: =IF(D21="","Blank",IF(LEN(D21)=10,"valid","invalid")) -> valid | F21: vikas.yadav@gmail.com | G21: Male | H21: 23 | I21: Young
A22: C021 | B22: Anjali Gupta | C22: Mumbai | D22: 9102506354 | E22: =IF(D22="","Blank",IF(LEN(D22)=10,"valid","invalid")) -> valid | F22: anjali.gupta@gmail.com | G22: Female | H22: 34 | I22: Adult
A23: C022 | B23: Amit Kumar | C23: Mumbai | E23: =IF(D23="","Blank",IF(LEN(D23)=10,"valid","invalid")) -> Blank | F23: amit.kumar@gmail.com | G23: Male | H23: 20 | I23: Young
A24: C023 | B24: Neha Singh | C24: Jaipur | D24: 9654860251 | E24: =IF(D24="","Blank",IF(LEN(D24)=10,"valid","invalid")) -> valid | F24: neha.singh@gmail.com | G24: Female | H24: 24 | I24: Young
A25: C024 | B25: Meena Joshi | C25: Ahmedabad | D25: 9049987722 | E25: =IF(D25="","Blank",IF(LEN(D25)=10,"valid","invalid")) -> valid | G25: Female | H25: 28 | I25: Adult
A26: C025 | B26: Karan Patel | C26: Jaipur | D26: 9158149443 | E26: =IF(D26="","Blank",IF(LEN(D26)=10,"valid","invalid")) -> valid | F26: karan.patel@gmail.com | G26: Male | H26: 36 | I26: Senior
A27: C026 | B27: Rahul Sharma | D27: 9423352933 | E27: =IF(D27="","Blank",IF(LEN(D27)=10,"valid","invalid")) -> valid | F27: rahul.sharma@gmail.com | G27: Male | H27: 39 | I27: Senior
A28: C027 | B28: Suresh Kumar | C28: Jaipur | D28: 9991044441 | E28: =IF(D28="","Blank",IF(LEN(D28)=10,"valid","invalid")) -> valid | F28: suresh.kumar@gmail.com | G28: Male | H28: 22 | I28: Young
A29: C028 | B29: Pooja Sharma | C29: Delhi | D29: 9882586258 | E29: =IF(D29="","Blank",IF(LEN(D29)=10,"valid","invalid")) -> valid | G29: Female | H29: 38 | I29: Senior
A30: C029 | B30: Priya Verma | C30: Pune | D30: 9246972866 | E30: =IF(D30="","Blank",IF(LEN(D30)=10,"valid","invalid")) -> valid | G30: Female | H30: 34 | I30: Adult
A31: C030 | B31: Priya Verma | C31: Lucknow | D31: 9399901936 | E31: =IF(D31="","Blank",IF(LEN(D31)=10,"valid","invalid")) -> valid | F31: priya.verma@gmail.com | G31: Female | H31: 26 | I31: Adult
A32: C031 | B32: Meena Joshi | C32: Ahmedabad | D32: 97306 | E32: =IF(D32="","Blank",IF(LEN(D32)=10,"valid","invalid")) -> invalid | F32: meena.joshi@gmail.com | G32: Female | H32: 41 | I32: Senior
A33: C032 | B33: Priya Verma | C33: Delhi | D33: 9676533700 | E33: =IF(D33="","Blank",IF(LEN(D33)=10,"valid","invalid")) -> valid | F33: priya.verma@gmail.com | G33: Female | H33: 36 | I33: Senior
A34: C033 | B34: Priya Verma | C34: Jaipur | E34: =IF(D34="","Blank",IF(LEN(D34)=10,"valid","invalid")) -> Blank | F34: priya.verma@gmail.com | G34: Female | H34: 23 | I34: Young
A35: C034 | B35: Karan Patel | C35: Ahmedabad | D35: 9026670894 | E35: =IF(D35="","Blank",IF(LEN(D35)=10,"valid","invalid")) -> valid | F35: karan.patel@gmail.com | G35: Male | H35: 20 | I35: Young
A36: C035 | B36: Amit Kumar | C36: Delhi | D36: 9921682683 | E36: =IF(D36="","Blank",IF(LEN(D36)=10,"valid","invalid")) -> valid | F36: amit.kumar@gmail.com | G36: Male | H36: 38 | I36: Senior
A37: C036 | B37: Suresh Kumar | C37: Pune | D37: 97216 | E37: =IF(D37="","Blank",IF(LEN(D37)=10,"valid","invalid")) -> invalid | F37: suresh.kumar@gmail.com | G37: Male | H37: 33 | I37: Adult
A38: C037 | B38: Meena Joshi | C38: Mumbai | D38: 9680434757 | E38: =IF(D38="","Blank",IF(LEN(D38)=10,"valid","invalid")) -> valid | F38: meena.joshi@gmail.com | G38: Female | H38: 29 | I38: Adult
A39: C038 | B39: Suresh Kumar | C39: Lucknow | D39: 93711 | E39: =IF(D39="","Blank",IF(LEN(D39)=10,"valid","invalid")) -> invalid | F39: suresh.kumar@gmail.com | G39: Male | H39: 38 | I39: Senior
A40: C039 | B40: Meena Joshi | C40: Chandigarh | D40: 9647022412 | E40: =IF(D40="","Blank",IF(LEN(D40)=10,"valid","invalid")) -> valid | F40: meena.joshi@gmail.com | G40: Female | H40: 37 | I40: Senior
A41: C040 | B41: Riya Sharma | C41: Pune | D41: 9210445432 | E41: =IF(D41="","Blank",IF(LEN(D41)=10,"valid","invalid")) -> valid | F41: riya.sharma@gmail.com | G41: Female | H41: 34 | I41: Adult
A42: C041 | B42: Arjun Mehta | C42: Delhi | D42: 9856894349 | E42: =IF(D42="","Blank",IF(LEN(D42)=10,"valid","invalid")) -> valid | F42: arjun.mehta@gmail.com | G42: Male | H42: 39 | I42: Senior
A43: C042 | B43: Rahul Sharma | C43: Ahmedabad | D43: 9377732382 | E43: =IF(D43="","Blank",IF(LEN(D43)=10,"valid","invalid")) -> valid | F43: rahul.sharma@gmail.com | G43: Male | H43: 43 | I43: Senior
A44: C043 | B44: Karan Patel | C44: Delhi | D44: 9699980582 | E44: =IF(D44="","Blank",IF(LEN(D44)=10,"valid","invalid")) -> valid | F44: karan.patel@gmail.com | G44: Male | H44: 44 | I44: Senior
A45: C044 | B45: Riya Sharma | C45: Jaipur | D45: 9572146646 | E45: =IF(D45="","Blank",IF(LEN(D45)=10,"valid","invalid")) -> valid | F45: riya.sharma@gmail.com | G45: Female | H45: 22 | I45: Young
A46: C045 | B46: Neha Singh | C46: Jaipur | D46: 9972121287 | E46: =IF(D46="","Blank",IF(LEN(D46)=10,"valid","invalid")) -> valid | F46: neha.singh@gmail.com | G46: Female | H46: 38 | I46: Senior
A47: C046 | B47: Riya Sharma | C47: Pune | D47: 91668 | E47: =IF(D47="","Blank",IF(LEN(D47)=10,"valid","invalid")) -> invalid | F47: riya.sharma@gmail.com | G47: Female | H47: 44 | I47: Senior
A48: C047 | B48: Priya Verma | C48: Chandigarh | D48: 9920137106 | E48: =IF(D48="","Blank",IF(LEN(D48)=10,"valid","invalid")) -> valid | G48: Female | H48: 42 | I48: Senior
A49: C048 | B49: Karan Patel | C49: Chandigarh | D49: 9181174968 | E49: =IF(D49="","Blank",IF(LEN(D49)=10,"valid","invalid")) -> valid | F49: karan.patel@gmail.com | G49: Male | H49: 26 | I49: Adult
A50: C049 | B50: Priya Verma | D50: 9660447993 | E50: =IF(D50="","Blank",IF(LEN(D50)=10,"valid","invalid")) -> valid | F50: priya.verma@gmail.com | G50: Female | H50: 33 | I50: Adult
A51: C050 | B51: Meena Joshi | C51: Ahmedabad | D51: 9003487264 | E51: =IF(D51="","Blank",IF(LEN(D51)=10,"valid","invalid")) -> valid | F51: meena.joshi@gmail.com | G51: Female | H51: 44 | I51: Senior
A52: C051 | B52: Meena Joshi | C52: Lucknow | D52: 9584258895 | E52: =IF(D52="","Blank",IF(LEN(D52)=10,"valid","invalid")) -> valid | F52: meena.joshi@gmail.com | G52: Female | H52: 33 | I52: Adult
A53: C052 | B53: Rohit Gupta | C53: Ahmedabad | D53: 9421510384 | E53: =IF(D53="","Blank",IF(LEN(D53)=10,"valid","invalid")) -> valid | F53: rohit.gupta@gmail.com | G53: Male | H53: 20 | I53: Young
A54: C053 | B54: Neha Singh | C54: Lucknow | D54: 9153909765 | E54: =IF(D54="","Blank",IF(LEN(D54)=10,"valid","invalid")) -> valid | F54: neha.singh@gmail.com | G54: Female | H54: 31 | I54: Adult
A55: C054 | B55: Rahul Sharma | C55: Chandigarh | D55: 9367730182 | E55: =IF(D55="","Blank",IF(LEN(D55)=10,"valid","invalid")) -> valid | F55: rahul.sharma@gmail.com | G55: Male | H55: 30 | I55: Adult
A56: C055 | B56: Suresh Kumar | C56: Pune | E56: =IF(D56="","Blank",IF(LEN(D56)=10,"valid","invalid")) -> Blank | F56: suresh.kumar@gmail.com | G56: Male | H56: 43 | I56: Senior
A57: C056 | B57: Priya Verma | C57: Mumbai | D57: 9005584590 | E57: =IF(D57="","Blank",IF(LEN(D57)=10,"valid","invalid")) -> valid | F57: priya.verma@gmail.com | G57: Female | H57: 21 | I57: Young
A58: C057 | B58: Priya Verma | C58: Chandigarh | D58: 9180683936 | E58: =IF(D58="","Blank",IF(LEN(D58)=10,"valid","invalid")) -> valid | F58: priya.verma@gmail.com | G58: Female | H58: 39 | I58: Senior
A59: C058 | B59: Priya Verma | C59: Lucknow | D59: 9001205088 | E59: =IF(D59="","Blank",IF(LEN(D59)=10,"valid","invalid")) -> valid | F59: priya.verma@gmail.com | G59: Female | H59: 39 | I59: Senior
A60: C059 | B60: Amit Kumar | C60: Ahmedabad | D60: 9287117109 | E60: =IF(D60="","Blank",IF(LEN(D60)=10,"valid","invalid")) -> valid | F60: amit.kumar@gmail.com | G60: Male | H60: 42 | I60: Senior
A61: C060 | B61: Rohit Gupta | C61: Pune | D61: 9345690014 | E61: =IF(D61="","Blank",IF(LEN(D61)=10,"valid","invalid")) -> valid | F61: rohit.gupta@gmail.com | G61: Male | H61: 23 | I61: Young
A62: C061 | B62: Vikas Yadav | C62: Jaipur | D62: 9512169075 | E62: =IF(D62="","Blank",IF(LEN(D62)=10,"valid","invalid")) -> valid | F62: vikas.yadav@gmail.com | G62: Male | H62: 23 | I62: Young
A63: C062 | B63: Pooja Sharma | C63: Mumbai | D63: 9429345244 | E63: =IF(D63="","Blank",IF(LEN(D63)=10,"valid","invalid")) -> valid | F63: pooja.sharma@gmail.com | G63: Female | H63: 31 | I63: Adult
A64: C063 | B64: Karan Patel | C64: Chandigarh | D64: 9446464392 | E64: =IF(D64="","Blank",IF(LEN(D64)=10,"valid","invalid")) -> valid | F64: karan.patel@gmail.com | G64: Male | H64: 29 | I64: Adult
A65: C064 | B65: Mohan Das | C65: Lucknow | D65: 9794631507 | E65: =IF(D65="","Blank",IF(LEN(D65)=10,"valid","invalid")) -> valid | F65: mohan.das@gmail.com | G65: Male | H65: 20 | I65: Young
A66: C065 | B66: Priya Verma | C66: Mumbai | D66: 9090347586 | E66: =IF(D66="","Blank",IF(LEN(D66)=10,"valid","invalid")) -> valid | F66: priya.verma@gmail.com | G66: Female | H66: 43 | I66: Senior
A67: C066 | B67: Suresh Kumar | C67: Delhi | D67: 9503186262 | E67: =IF(D67="","Blank",IF(LEN(D67)=10,"valid","invalid")) -> valid | F67: suresh.kumar@gmail.com | G67: Male | H67: 32 | I67: Adult
A68: C067 | B68: Arjun Mehta | C68: Lucknow | D68: 9226154693 | E68: =IF(D68="","Blank",IF(LEN(D68)=10,"valid","invalid")) -> valid | F68: arjun.mehta@gmail.com | G68: Male | H68: 22 | I68: Young
... A72: C071 | B72: Rahul Sharma | C72: Chandigarh | D72: 9390033982 | E72: =IF(D72="","Blank",IF(LEN(D72)=10,"valid","invalid")) -> valid | F72: rahul.sharma@gmail.com | G72: Male | H72: 43 | I72: Senior
A73: C072 | B73: Arjun Mehta | C73: Chandigarh | D73: 9012193810 | E73: =IF(D73="","Blank",IF(LEN(D73)=10,"valid","invalid")) -> valid | G73: Male | H73: 43 | I73: Senior
A74: C073 | B74: Riya Sharma | C74: Chandigarh | D74: 9352399933 | E74: =IF(D74="","Blank",IF(LEN(D74)=10,"valid","invalid")) -> valid | F74: riya.sharma@gmail.com | G74: Female | H74: 25 | I74: Young
A75: C074 | B75: Amit Kumar | C75: Chandigarh | D75: 9492350616 | E75: =IF(D75="","Blank",IF(LEN(D75)=10,"valid","invalid")) -> valid | F75: amit.kumar@gmail.com | G75: Male | H75: 43 | I75: Senior
A76: C075 | B76: Priya Verma | C76: Delhi | D76: 9216605296 | E76: =IF(D76="","Blank",IF(LEN(D76)=10,"valid","invalid")) -> valid | F76: priya.verma@gmail.com | G76: Female | H76: 43 | I76: Senior
A77: C076 | B77: Anjali Gupta | C77: Pune | D77: 9771920282 | E77: =IF(D77="","Blank",IF(LEN(D77)=10,"valid","invalid")) -> valid | G77: Female | H77: 40 | I77: Senior
A78: C077 | B78: Priya Verma | C78: Mumbai | D78: 9563928930 | E78: =IF(D78="","Blank",IF(LEN(D78)=10,"valid","invalid")) -> valid | F78: priya.verma@gmail.com | G78: Female | H78: 28 | I78: Adult
A79: C078 | B79: Neha Singh | C79: Ahmedabad | D79: 9167086391 | E79: =IF(D79="","Blank",IF(LEN(D79)=10,"valid","invalid")) -> valid | F79: neha.singh@gmail.com | G79: Female | H79: 26 | I79: Adult
A80: C079 | B80: Sneha Roy | D80: 9009492609 | E80: =IF(D80="","Blank",IF(LEN(D80)=10,"valid","invalid")) -> valid | F80: sneha.roy@gmail.com | G80: Female | H80: 23 | I80: Young
A81: C080 | B81: Neha Singh | C81: Ahmedabad | D81: 9859860725 | E81: =IF(D81="","Blank",IF(LEN(D81)=10,"valid","invalid")) -> valid | F81: neha.singh@gmail.com | G81: Female | H81: 26 | I81: Adult
A82: C081 | B82: Vikas Yadav | C82: Ahmedabad | D82: 9700592125 | E82: =IF(D82="","Blank",IF(LEN(D82)=10,"valid","invalid")) -> valid | F82: vikas.yadav@gmail.com | G82: Male | H82: 29 | I82: Adult
A83: C082 | B83: Priya Verma | C83: Ahmedabad | D83: 9538510814 | E83: =IF(D83="","Blank",IF(LEN(D83)=10,"valid","invalid")) -> valid | F83: priya.verma@gmail.com | G83: Female | H83: 27 | I83: Adult
A84: C083 | B84: Sneha Roy | C84: Mumbai | D84: 9779022848 | E84: =IF(D84="","Blank",IF(LEN(D84)=10,"valid","invalid")) -> valid | F84: sneha.roy@gmail.com | G84: Female | H84: 40 | I84: Senior
A85: C084 | B85: Anjali Gupta | C85: Chandigarh | D85: 9548340400 | E85: =IF(D85="","Blank",IF(LEN(D85)=10,"valid","invalid")) -> valid | F85: anjali.gupta@gmail.com | G85: Female | H85: 45 | I85: Senior
A86: C085 | B86: Pooja Sharma | C86: Lucknow | D86: 9876345418 | E86: =IF(D86="","Blank",IF(LEN(D86)=10,"valid","invalid")) -> valid | F86: pooja.sharma@gmail.com | G86: Female | H86: 26 | I86: Adult
A87: C086 | B87: Rahul Sharma | C87: Jaipur | D87: 9912727004 | E87: =IF(D87="","Blank",IF(LEN(D87)=10,"valid","invalid")) -> valid | F87: rahul.sharma@gmail.com | G87: Male | H87: 25 | I87: Young
A88: C087 | B88: Amit Kumar | C88: Chandigarh | D88: 9053150051 | E88: =IF(D88="","Blank",IF(LEN(D88)=10,"valid","invalid")) -> valid | F88: amit.kumar@gmail.com | G88: Male | H88: 42 | I88: Senior
A89: C088 | B89: Mohan Das | C89: Mumbai | D89: 9970521853 | E89: =IF(D89="","Blank",IF(LEN(D89)=10,"valid","invalid")) -> valid | F89: mohan.das@gmail.com | G89: Male | H89: 37 | I89: Senior
A90: C089 | B90: Pooja Sharma | C90: Ahmedabad | D90: 9598712328 | E90: =IF(D90="","Blank",IF(LEN(D90)=10,"valid","invalid")) -> valid | F90: pooja.sharma@gmail.com | G90: Female | H90: 23 | I90: Young
A91: C090 | B91: Arjun Mehta | C91: Delhi | D91: 9185264400 | E91: =IF(D91="","Blank",IF(LEN(D91)=10,"valid","invalid")) -> valid | F91: arjun.mehta@gmail.com | G91: Male | H91: 27 | I91: Adult
A92: C091 | B92: Suresh Kumar | C92: Delhi | D92: 9391795729 | E92: =IF(D92="","Blank",IF(LEN(D92)=10,"valid","invalid")) -> valid | F92: suresh.kumar@gmail.com | G92: Male | H92: 32 | I92: Adult
... A99: C098 | B99: Sneha Roy | C99: Delhi | D99: 9721948815 | E99: =IF(D99="","Blank",IF(LEN(D99)=10,"valid","invalid")) -> valid | F99: sneha.roy@gmail.com | G99: Female | H99: 35 | I99: Adult
A100: C099 | B100: Neha Singh | D100: 9460077767 | E100: =IF(D100="","Blank",IF(LEN(D100)=10,"valid","invalid")) -> valid | F100: neha.singh@gmail.com | G100: Female | H100: 21 | I100: Young
A101: C100 | B101: Suresh Kumar | C101: Lucknow | D101: 9164739147 | E101: =IF(D101="","Blank",IF(LEN(D101)=10,"valid","invalid")) -> valid | F101: suresh.kumar@gmail.com | G101: Male | H101: 40 | I101: Senior

Sheet summary
E4: SUMMARY
E6: Total Customer | F6: =COUNTA([1]Clean_data!A2:A101) -> 100
E8: Duplicate Records | F8: 5
E10: Blank Cities | F10: =COUNTBLANK('clean data'!C2:C101) -> 6
E12: Blank Email | F12: =COUNTBLANK('clean data'!F2:F101) -> 8
E14: Valid Phone number | F14: =COUNTIF('clean data'!E2:E101,"Valid") -> 89
E16: Invalid Phone number | F16: =COUNTIF('clean data'!E2:E101,"Invalid") -> 7
E18: Blank Phone number | F18: =COUNTIF('clean data'!E2:E101,"Blank") -> 4
